document_id,paragraph_id,paragraph,filename
277,1339,"
===Gendry===
'''Gendry''' (seasons 1–3, 7–8) portrayed by Joe Dempsie. Gendry is an apprentice blacksmith in King's Landing and an unacknowledged bastard of King Robert. Gendry shows promise as a smith and makes a helmet in the shape of a bull's head; Eddard compliments the helmet, offering to purchase it. Gendry refuses, to the shame of the master smith. After Eddard Stark's fall and eventual execution, arrangements are made for Yoren of the Night's Watch to take Gendry to the Wall with him; he travels North with Yoren and other recruits, including Arry, Lommy Greenhands, Hot Pie and Jaqen H'ghar. During their journey, they are stopped by the Goldcloaks, who demand that Yoren give up Gendry as King Joffrey wants all of his father's bastards killed but are forced to leave by Yoren. Later, Gendry reveals to Arry that he knows she is a girl disguised as a boy all along and is surprised to learn she is Arya, Ned Stark's daughter. After the Goldcloaks get help from Ser Amory Lorch and his men who kill Yoren, Gendry's life is saved by Arya when she lies to the Goldcloaks that Lommy, who was killed during the attack, was Gendry. Gendry and the rest of recruits are sent to Harrenhal where Ser Gregor Clegane arbitrarily has many of the prisoners tortured and killed. Gendry was about to suffer this fate but is saved by the arrival of Lord Tywin Lannister, who chides Clegane's men for their reckless behavior. Thanks to Jaqen, Arya, Gendry and Hot Pie are able to escape Harrenhal. As they head towards the Riverlands, the group encounters the Brotherhood Without Banners, a group of Outlaws that defend the weak. Inspired, he decides to join the Brotherhood but is betrayed by them when they sell him to Lady Melisandre as ordered by the Lord of Light. Melisandre later reveals to Gendry that King Robert was his father and she is bringing him to meet his uncle, King Stannis. But in truth, Melisandre and Stannis planned to use him for her blood magic where Stannis uses his nephew's blood to make a death curse on the usurpers to his throne, Joffrey, Robb, and Balon Greyjoy. Before they can use him as a sacrifice, Davos Seaworth helps Gendry escape and puts him on a boat to King's Landing. Unable to swim or row, Gendry is nevertheless convinced that the Red Woman has a surer death in store for him, and Davos asks him to ""have a bowl'o brown for me"" when returning to Flea Bottom. In Season 7 Davos, on a clandestine visit to King's Landing, seeks out Gendry and finds him working as a smith. Gendry needs no persuading to go with Davos to Dragonstone. There he meets Jon Snow and volunteers to go with Jon on a mission north of the Wall to capture a wight. During the mission, he is sent back to the Wall to summon help. He gets word to Daenerys and later leaves with the others on the Targaryen ship.",349_List_of_Game_of_Thrones_characters
139,650,"
===On the Kingsroad===
City Watchmen search the caravan for Gendry but are turned away by Yoren. Gendry tells Arya Stark that he knows she is a girl, and she reveals she is actually Arya Stark after learning that her father met Gendry before he was executed.",224_The_Night_Lands
234,978,"
=== Gendry ===
Gendry is one of Robert Baratheon's many bastard children. He lives in King's Landing as an armorer's apprentice and is unaware of his true parentage. Gendry later joins the Brotherhood without Banners.
In the HBO television adaptation, he is portrayed by Joe Dempsie.",30_List_of_A_Song_of_Ice_and_Fire_characters
102,323,"
===Season 2===
Gendry travels North with Yoren and other Night's Watch recruits, including Arya Stark (disguised as an orphan boy named 'Arry), Lommy Greenhands, Hot Pie and Jaqen H'ghar. During their journey, they are stopped by the Goldcloaks of the City Watch, who demand that Yoren hand Gendry over to them - King Joffrey has ordered that all of his father Robert's bastards be killed, but Yoren turns the Goldcloaks away. Later, Gendry forces Arya to reveal her true identity, and is surprised to learn she is in fact Ned Stark's daughter. After the Goldcloaks get help from Ser Amory Lorch and his men, they ambush the travelling party. In the chaos, Yoren is killed. Gendry's life is then saved by Arya, who convinces the Goldcloaks that Lommy, who was killed during the attack, was in fact Gendry. Gendry and the rest of the recruits are then escorted to Harrenhal, the ruined castle-turned-prison. Ser Gregor Clegane oversees order here, and arbitrarily has many of the prisoners tortured and killed. Gendry is nearly tortured and killed but is saved by the arrival of Lord Tywin Lannister, who chides Clegane's men for their reckless treatment of the prisoners. Thanks to Jaqen H'ghars help, Arya, Gendry and Hot Pie are able to escape Harrenhal.",191_Gendry
102,317,"
====''A Game of Thrones''====
In his investigation about the death of Jon Arryn, Eddard Stark meets several people who had met with Arryn shortly before his death. 
One of them is Gendry, who was sought by both Jon Arryn and Stannis Baratheon. Eddard immediately recognizes Gendry as Robert Baratheon's bastard child, and tells Tobho Mott that if Gendry ever shows interest in military service, he is to be sent directly to Eddard.  Gendry has shown promise as a blacksmith and made a helmet in the shape of a bull.  Eddard compliments the helmet, offering to purchase it, but Gendry refuses, to the shame of his master.",191_Gendry
102,326,"
===Season 8===
Gendry joins Daenerys' army as they camp at Winterfell in anticipation of the White Walkers' attack. Gendry is tasked with smithing weapons from dragonglass, capable of instantly killing the wights. Reunited with Arya, she bids him create a dual-bladed, dragonglass staff. On the eve of the attack, Gendry gives her the weapon and relates his Baratheon heritage to her. Arya inquires of his past romantic liaisons, then expresses her desire to lose her virginity, should they die tomorrow, and they make love. Gendry survives the Long Night and is legitimised a Baratheon by Daenerys, and given lordship of Storm's End. Gendry professes his love to Arya and proposes, however Arya is uninterested in marriage and declines.
After Jon kills Daenerys, Gendry travels to King's Landing along with Westeros' other nobility to decide the future of the Seven Kingdoms. Tyrion proposes that Bran Stark be crowned king, and Gendry approves, along with the other lords, unanimously.",191_Gendry
102,318,"
====''A Clash of Kings''====
After Eddard Stark's political fall and eventual execution, Varys makes arrangements for the Night's Watch recruiter Yoren to take Gendry to the Wall in order to ensure his safety.  Gendry travels north with Yoren and thirty other recruits including Lommy Greenhands, Hot Pie and a disguised Arya Stark.  Not far from King's Landing they are stopped by several gold cloaks from the City Watch, who demand that Yoren give up Gendry as he is wanted by Queen Regent Cersei Lannister.  Yoren refuses, and chases off the gold cloaks with his recruits.
Later, near an abandoned holdfast by the God's Eye, the recruits are attacked by soldiers led by Ser Amory Lorch.  Yoren is killed in the fight, and Gendry along with Arya, Lommy and Hot Pie escape through a secret tunnel. Whilst on a reconnaissance run with Arya, Gendry confronts her about her true gender and identity. He eventually has the truth out of her and is subsequently embarrassed by how crass he had spoken to her when she was in fact highborn.  Gendry is later captured by soldiers led by Ser Gregor Clegane, but is spared from death since a blacksmith is useful as a slave laborer.  After Lannister man at arms, Polliver, kills the injured Lommy, they are taken to Harrenhal, where Gendry works as a smith.  When Arya decides to escape from Harrenhal, however, she persuades Gendry and Hot Pie to join her.",191_Gendry
102,315,"
== Character description ==
Gendry was conceived and born in King's Landing after Robert's Rebellion ended and is one of sixteen (twenty in the television series) bastard children of King Robert Baratheon,.  He is portrayed as tall and very muscled, having blue eyes and thick black hair, very similar to his biological father Robert and uncle Renly in their youth (Brienne of Tarth once almost mistook him for Renly for a moment).  He is stubborn and easily confused.
Despite being one of the only four surviving biological children of King Robert (along with Mya Stone, Edric Storm and Bella Rivers), Gendry never knew who his father was.  His mother was reported to have been a worker at an alehouse who died when Gendry was still a young boy, and all he remembers of her was that she had blond hair. Later on, Tobho Mott, a master armourer from Qohor, was offered double the customary fee by a ""lord"" with concealed identity to take Gendry in as a smith apprentice, but accepted him for free after being impressed by the boy's physique.  Gendry turns out to be a talented apprentice, and likes to spend time polishing a bull head helmet that he proudly made for himself, which earned him the nickname ""Bull"" by Arya Stark.",191_Gendry
102,314,"'''Gendry''' is a fictional character in the ''A Song of Ice and Fire'' series of epic fantasy novels by American author George R. R. Martin, and its HBO television adaptation ''Game of Thrones''.
First appearing in 1996's ''A Game of Thrones'', Gendry is a blacksmith apprentice in King's Landing, and an unacknowledged bastard of King Robert Baratheon.  He subsequently appeared in ''A Clash of Kings'' (1998), ''A Storm of Swords'' (2000) and ''A Feast for Crows'' (2005).  After Queen Cersei Lannister orders the execution of all of King Robert's bastards, Gendry is forced to flee King's Landing alongside Arya Stark under the protection of Yoren, a recruiter for the Night's Watch.  He later joins the outlaw group Brotherhood Without Banners and is knighted by its leader Beric Dondarrion, and becomes a follower of R'hllor.
Gendry is portrayed by English actor Joe Dempsie in the HBO television adaptation.",191_Gendry
102,319,"
====''A Storm of Swords''====
While wandering around the Riverlands looking for the direction of Riverrun, Arya, Gendry and Hot Pie are captured by the Brotherhood without Banners, led by a resurrected Beric Dondarrion.  At the Peach brothel in Stoney Sept, Gendry declines sleeping with Bella.  Later he argues with Arya, jealous she talked to Beric's squire Edric Dayne, who claims to be Jon Snow's milk brother.  Gendry is later impressed with Thoros of Myr's description of the ideals of the brotherhood, and decides to join them.  He is knighted by Beric, thus becoming Ser Gendry, knight of the hollow hill.",191_Gendry
